BioArt ID,Title,Download Events,Page Views
556,Ascending Thin Limb of Loop of Henle,3,6
557,Cortical Collecting Duct,4,11
558,Descending Thin Limb of Loop of Henle,4,11
559,Inner Medullary Collecting Duct,8,13
560,Nephron,21,63
561,Outer Medullary Collecting Duct,6,12
562,Renal Corpuscle,19,29
563,Thick Ascending Limb of Loop of Henle,6,9
564,Crypt of Lieberkuhn,5,22
565,Liver Lobule,7,26
566,Bronchial Submucosal Gland,6,20
567,Pulmonary Alveolus,16,32
568,Acinus (Pancreas),12,19
569,Intercalated Duct,6,17
570,Islets of Langerhans,25,42
571,Dermal Papilla,4,11
572,Epidermal Ridge,10,22
573,Intestinal Villus,7,34
574,Red Pulp,1,15
575,White Pulp,3,26
576,Thymus Lobule,7,43
577,Prostate Glandular Acinus,17,84
