Entry ID,Title,Download Events,Page Views
20959,"Brain, Female",57,118
20960,"Brain, Male",93,254
20961,"Blood Vasculature, Female",12,54
20962,"Eye, Female, Left",1,14
20963,"Eye, Female, Right",3,19
20964,"Fallopian Tube, Female, Left",3,8
20965,"Fallopian Tube, Female, Right",6,29
20966,"Heart, Female",12,96
20967,"Kidney, Female, Left",6,15
20968,"Kidney, Female, Right",12,22
20969,"Knee, Female, Left",6,23
20970,"Knee, Female, Right",10,33
20971,"Large Intestine, Female",10,31
20972,"Larynx, Female",21,39
20973,"Liver, Female",6,31
20974,"Lung, Female",15,35
20975,"Lymph Node, Female",2,13
20976,"Main Bronchus, Female",3,14
20977,"Breast (mammary gland), Female left",9,43
20978,"Breast (mammary gland), Female right",18,67
20979,"Ovary, Female, Left",4,9
20980,"Ovary, Female, Right",5,12
20981,"Palatine Tonsil, Female, Left",6,11
20982,"Palatine Tonsil, Female, Right",4,5
20983,"Pancreas, Female",6,30
20984,"Pelvis, Female",27,78
20985,"Placenta, Full Term, Female",7,35
20986,"Skin, Female",18,79
20987,"Small Intestine, Female",10,35
20988,"Spinal Cord, Female",1,18
20989,"Spleen, Female",7,15
20990,"Thymus, Female",2,11
20991,"Trachea, Female",4,26
20992,"Body, Female",30,114
20993,"Ureter, Female, Left",5,13
20994,"Ureter, Female, Right",9,17
20995,"Urinary Bladder, Female",15,34
20996,"Uterus, Female",13,80
20997,"Blood Vasculature, Male",22,64
20998,"Eye, Male, Left",4,18
20999,"Eye, Male, Right",3,24
21000,"Heart, Male",40,109
21001,"Kidney, Male, Left",18,32
21002,"Kidney, Male, Right",21,56
21003,"Knee, Male, Left",8,43
21004,"Knee, Male, Right",33,83
21005,"Large Intestine, Male",8,42
21006,"Larynx, Male",10,52
21007,"Liver, Male",37,91
21008,"Lung, Male",31,83
21009,"Lymph Node, Male",6,12
21010,"Main Bronchus, Male",1,16
21011,"Palatine Tonsil, Male, Left",1,4
21012,"Palatine Tonsil, Male, Right",0,6
21013,"Pancreas, Male",12,37
21014,"Pelvis, Male",32,101
21015,"Prostate, Male",14,70
21016,"Skin, Male",15,57
21017,"Small Intestine, Male",13,51
21018,"Spinal Cord, Male",5,31
21019,"Spleen, Male",3,30
21020,"Thymus, Male",1,17
21021,"Trachea, Male",11,83
21022,"Body, Male",60,164
21023,"Ureter, Male, Left",1,18
21024,"Ureter, Male, Right",5,25
21025,"Urinary Bladder, Male",12,66
