host,requests
,1801722
humanatlas.io,978352
entity.api.hubmapconsortium.org,367527
apps.humanatlas.io,221860
portal.hubmapconsortium.org,127849
localhost,114403
gtexportal.org,94856
cdn.humanatlas.io,74691
hubmapconsortium.github.io,62083
www.gtexportal.org,59184
data.sennetconsortium.org,55402
www.ebi.ac.uk,45303
lod.humanatlas.io,33114
vitessce.io,17256
ccf-ontology.hubmapconsortium.org,16472
www.google.com,7448
hubmap-ccf-ui.netlify.app,5676
127.0.0.1,5193
yasgui.triply.cc,5094
ingest.hubmapconsortium.org,4607
cns-iu.github.io,4262
data.dev.sennetconsortium.org,2288
hubmapconsortium.org,1452
www.nature.com,1398
purl.humanatlas.io,1269
portal-prod.stage.hubmapconsortium.org,1052
sennetconsortium.github.io,1026
d2xbz98xx8fqq7.cloudfront.net,975
ingest.dev.hubmapconsortium.org,951
vega.github.io,803
659c1e5ce26540007bbdd7a9--hubmap-ccf-ui.netlify.app,780
659d043410ecce8413298896--hubmap-ccf-ui.netlify.app,613
beta--hubmap-ccf-ui.netlify.app,592
6669dd48c5630f07f4c27300--hra-ui.netlify.app,542
sennetconsortium.org,507
ingest.test.hubmapconsortium.org,496
baidu.com,461
659d7b92e0eeff2463a2ee75--hubmap-ccf-ui.netlify.app,458
www.irisa.fr,447
bing.com,439
6667454d7d5ced24ddd77058--hra-ui.netlify.app,399
github.com,393
humanatlas-io.netlify.app,380
65ae8bf1bb77601ce1333162--hubmap-ccf-ui.netlify.app,351
iask.ai,320
669841d9febba84eac007032--hra-ui.netlify.app,302
618eb3b79a513700a9356c7b--hubmap-ccf-ui.netlify.app,280
dev.gudmap.org,261
hms-dbmi.atlassian.net,249
test.gtexportal.org,237
portal.dev.hubmapconsortium.org,235
dev.isrd.isi.edu,207
65316b419cc6bc007376061e--hubmap-ccf-ui.netlify.app,196
65b1512fd8ac1e26694c765b--hubmap-ccf-ui.netlify.app,188
hra-ui.netlify.app,176
www.baidu.com,161
com-dom-neph-sarder.sites.medinfo.ufl.edu,147
r20.rs6.net,146
avr.hubmapconsortium.org,143
666b1bf73d4ad050aaaa6947--hra-ui.netlify.app,141
t.big.community,140
www.bing.com,134
my2.siteimprove.com,133
app.skeema.com,132
fiddle.jshell.net,131
666878743cbf580093f9b5d8--hra-ui.netlify.app,120
66c7a5354600d7aaf3d953ac--hra-ui.netlify.app,120
t.co,120
65a07ee035c9c24f2293e993--hubmap-ccf-ui.netlify.app,118
6690528fe471f95d653fb62c--hra-ui.netlify.app,117
yandex.ru,116
65cf98d496eb63162bf7c6f4--hra-ui.netlify.app,114
609e8f96d93f45f4dee4e821--hubmap-ccf-ui.netlify.app,110
66704691fecbda2c5af20a18--hra-ui.netlify.app,105
668c4ce93bde7db853eafa26--hra-ui.netlify.app,101
60df70ab37f112531a18fcc6--hubmap-ccf-ui.netlify.app,100
66aaeafe09bfa24c27094aa2--hra-ui.netlify.app,100
canopy-biosciences-software.atlassian.net,99
cdpn.io,95
d2rhwjdqqh7fvl.cloudfront.net,95
66465d018c947d04621a2cf2--hubmap-ccf-ui.netlify.app,94
statics.teams.cdn.office.net,89
6536982cfcfc8e39843016d8--hubmap-ccf-ui.netlify.app,88
66759f5d7ffbc4ac0ae235ef--hra-ui.netlify.app,88
666320e9c36e3c3960e4a8d4--hra-ui.netlify.app,85
software.docs.hubmapconsortium.org,84
66465f098b7b610e44bcff3d--hubmap-ccf-ui.netlify.app,79
6661cd35802ab00e40d65bb6--hra-ui.netlify.app,77
6536aa0c9f400f5195cb8e56--hubmap-ccf-ui.netlify.app,77
66abd8d69e097e3f03ed7c80--hra-ui.netlify.app,76
docs.google.com,75
www.google.com.hk,74
6532fcc357ebb929479f6fe4--hubmap-ccf-ui.netlify.app,72
661ef2d09005a68c090c5edf--hra-ui.netlify.app,72
6646587664a029077629f897--hra-ui.netlify.app,69
www.thermofisher.com,68
65eba5e6c99fd92fb7566240--hra-ui.netlify.app,68
18.154.185.33,68
18.154.185.69,67
66aaa68b29d0431192525ebb--hra-ui.netlify.app,66
18.154.185.80,64
6635404dde3491468ed87d04--hra-ui.netlify.app,64
18.154.185.15,63
66a912996252b84c23966758--hra-ui.netlify.app,60
188.166.150.223,60
www.linkedin.com,60
666b20747b5d7f661625580b--hra-ui.netlify.app,59
659d8e06514f1b32a992c30a--hubmap-ccf-ui.netlify.app,58
6668d44a02f16922ed336a2d--hra-ui.netlify.app,58
666b12e81733a4540c4db5a3--hra-ui.netlify.app,58
www.melaniegold.net,58
www.findglocal.com,57
66699e25a751ef28cfce4cd3--hra-ui.netlify.app,56
6668d2a187ba4f18b0824bfe--hra-ui.netlify.app,55
dev.atlas-d2k.org,55
66abdf77fe7aad4b63218475--hra-ui.netlify.app,54
66a41f744a43fc6bed0e714d--hra-ui.netlify.app,53
mail.google.com,53
6635431bde3491493ad87dd1--hra-ui.netlify.app,52
ccf-asct-reporter.netlify.app,51
666b056da37ab44c145f277c--hra-ui.netlify.app,50
6671b93fa47af81045d36b47--hra-ui.netlify.app,50
sites.google.com,50
sandbox.babylonjs.com,49
news.luddy.indiana.edu,47
66609bde6f35fe4dcec3d32c--hra-ui.netlify.app,47
workona.com,47
66e8ac7ee3fe032ae0dc99ea--hra-ui.netlify.app,46
65ce7898bbe8a131fc4d961e--hra-ui.netlify.app,46
66637c87fd81e439b2d749d2--hra-ui.netlify.app,45
654c227d5df64f066eea01b2--hubmap-ccf-ui.netlify.app,45
cellxgene.cziscience.com,45
www.ncbi.nlm.nih.gov,45
www.biorxiv.org,44
www.perplexity.ai,43
66ba8dbe6652185953b2f293--hra-ui.netlify.app,40
6539ad0c39fb950330caaf1f--hubmap-ccf-ui.netlify.app,40
6532f6854e799325d97949d4--hubmap-ccf-ui.netlify.app,39
668e773cc6b8320ec02fccd2--hra-ui.netlify.app,39
jiemakel.github.io,38
65316be69ce92e000774cabf--hubmap-ccf-ui.netlify.app,38
66a915656b84165839d52d8d--hra-ui.netlify.app,38
66633e97d8028b00b57a1f01--hra-ui.netlify.app,38
purl.archive.org,38
6531b4eff291b11873287635--hubmap-ccf-ui.netlify.app,37
65385eef6ae3d01b372c63d0--hubmap-ccf-ui.netlify.app,37
6567ac9a5a36a200084b3f3e--hubmap-ccf-ui.netlify.app,37
653c137decc63f0902c2f203--hubmap-ccf-ui.netlify.app,37
653af391b52eae439cecf514--hubmap-ccf-ui.netlify.app,37
6532c606a103f203500d3721--hubmap-ccf-ui.netlify.app,37
653bf8e12a07ac634b509deb--hubmap-ccf-ui.netlify.app,37
653b10de783fbf5884571f3a--hubmap-ccf-ui.netlify.app,37
108.156.201.17,37
653988d24057e841f91d9772--hubmap-ccf-ui.netlify.app,37
665e28414dcb4850ac131ad7--hra-ui.netlify.app,37
660c663ee6a6c222774fd696--hra-ui.netlify.app,37
108.156.201.78,37
66a9236a22fde35dbaf5243c--hra-ui.netlify.app,36
www.startpage.com,36
cifar.ca,36
108.156.201.127,36
66be4b533f837a2115c51123--hra-ui.netlify.app,35
3d.nih.gov,35
elucidatainc.atlassian.net,35
108.156.201.57,35
duckduckgo.com,35
datasetsearch.research.google.com,34
www.ecosia.org,34
6607568954c2bc7a90598e85--hra-ui.netlify.app,33
667f1297fc8ca08a32714db2--hra-ui.netlify.app,33
myactivity.google.com,32
65b0a63ea7302c43f7c3b72a--ccf-asct-reporter.netlify.app,32
humanatlas.io.,31
6660cb429b1f9004040ee38f--hra-ui.netlify.app,30
64fbabe9dc5e94758b2eca69--hubmap-ccf-ui.netlify.app,30
65b08161e4305b2f565bc08b--hubmap-ccf-ui.netlify.app,29
654a8f508ef5c7000844e28c--hubmap-ccf-ui.netlify.app,29
6531b5515230991978726114--hubmap-ccf-ui.netlify.app,29
65a08817bec86d595db52488--hubmap-ccf-ui.netlify.app,29
null.jsbin.com,29
65319bd13cc9eb02fc3aaf11--hubmap-ccf-ui.netlify.app,29
659c61758f8da024722ee714--hubmap-ccf-ui.netlify.app,29
65af285759f42488ac172e4e--hubmap-ccf-ui.netlify.app,29
65316c3d635c770009f16291--hubmap-ccf-ui.netlify.app,29
657b67c5ce58df23a2bd9a3f--hubmap-ccf-ui.netlify.app,29
653045bc06a28f00082fe385--hubmap-ccf-ui.netlify.app,29
www.atlas-d2k.org,29
657b605e654dfe1d2617c346--hubmap-ccf-ui.netlify.app,29
6571de318c7402007190b36a--hubmap-ccf-ui.netlify.app,28
6675bc46a79a96c266798fd0--hra-ui.netlify.app,28
667bdf877a41f0d46526c2aa--hra-ui.netlify.app,27
d1yhavmlxru8up.cloudfront.net,27
com.google.android.gm,27
66632149651d5840d40e05a8--hra-ui.netlify.app,27
66b268c7b3ff5c3c2c2ac423--hra-ui.netlify.app,26
657b3df8ea3b750008696506--hubmap-ccf-ui.netlify.app,26
66c61b50e9796f053a5816e5--hra-ui.netlify.app,26
portal.stage.hubmapconsortium.org,25
cns.iu.edu,25
www.youtube.com,25
66a920ae8452104ef014bf9a--hra-ui.netlify.app,24
6661fae635e46d38c25f4059--hra-ui.netlify.app,24
66fc56282515e4c4912ba70c--hra-ui.netlify.app,24
64ef56e41d459610a403f3e9--hubmap-ccf-ui.netlify.app,24
www.w3schools.com,23
66296132da6982479a8b789d--hra-ui.netlify.app,23
6557d541c0837423188f2400--hubmap-ccf-ui.netlify.app,23
662bc17192dc90e5e2d72045--hra-ui.netlify.app,22
64dd5ac8822d0c17b32e9732--hubmap-ccf-ui.netlify.app,22
lotusfeet,21
651f094103c6ec0335b4221b--hubmap-ccf-ui.netlify.app,21
6511c5fe56f9f4007ed6ea01--hubmap-ccf-ui.netlify.app,21
www.google.it,21
66106b8d51a9b452b997f36f--hra-ui.netlify.app,21
64873d8ba55d6e4c4c123f4e--hubmap-ccf-ui.netlify.app,21
6513173d4f09fa04f903dc7f--hubmap-ccf-ui.netlify.app,20
64dd4dc4503d2617f3502815--hubmap-ccf-ui.netlify.app,20
6515d0bd321f2a0083651c46--hubmap-ccf-ui.netlify.app,20
docs.hubmapconsortium.org,20
6516c999db61b978fd893157--hubmap-ccf-ui.netlify.app,20
staging.atlas-d2k.org,20
651719fa6399a310d330f3c0--hubmap-ccf-ui.netlify.app,20
cn.bing.com,20
canvas.cmu.edu,20
651325b4530e6111ce7c339b--hubmap-ccf-ui.netlify.app,20
66be755051ea824f7d6ba630--hra-ui.netlify.app,19
protocolsmethods.springernature.com,19
event.on24.com,18
66e0a09665f155007280f261--hra-ui.netlify.app,18
66b66325e24d81453b07955f--hra-ui.netlify.app,18
666b177056f07c599c1b0532--hra-ui.netlify.app,17
66bf69a90e229949dfc88300--hra-ui.netlify.app,17
com.slack,17
google.com,17
zenodo.org,17
6571e232d1301c032f126aad--hra-ui.netlify.app,17
ols.neuro.scaiview.com,17
6567b301e9e20c00087205b6--hubmap-ccf-ui.netlify.app,17
662311acb7face5144c03b7f--hra-ui.netlify.app,16
dhxiv.r.sp1-brevo.net,16
avr.dev.hubmapconsortium.org,16
65fe2a77159c7f9014cec560--hra-ui.netlify.app,16
6548521cdf007545bd700927--hubmap-ccf-ui.netlify.app,16
d2rjzhfhs79cna.cloudfront.net,16
657351f2836c4c37c1533b28--hubmap-ccf-ui.netlify.app,15
sparc-fair-codeathon.github.io,15
recipes.house-experts.co.uk,15
65723c7e13a6c8007b2b7b2a--hubmap-ccf-ui.netlify.app,15
www.frontiersin.org,15
www.notion.so,15
66e06803e8714b58cec33f4c--hra-ui.netlify.app,14
golden,14
www.google.co.uk,14
gh-pages--humanatlas-io.netlify.app,14
duke.atlassian.net,14
portal.test.hubmapconsortium.org,13
url3592.netscisociety.net,13
65afdfed3b959e007a36ecb7--hra-ui.netlify.app,13
65316b5cbd3fe60008bcac30--hubmap-ccf-ui.netlify.app,13
commons.wikimedia.org,13
6660b51cd4c47e65c1bd78c4--hra-ui.netlify.app,13
ghost-rider,13
cdn-humanatlas-io.s3-website.us-east-2.amazonaws.com,13
websearch.rakuten.co.jp,12
3.167.152.45,12
ontobee.org,12
codepen.io,12
666892f72500031ca4b167aa--hra-ui.netlify.app,12
66689955f08b582398ccdcff--hra-ui.netlify.app,12
staging.nxtbook.com,12
3.167.152.30,12
loginvast.com,12
data.mendeley.com,12
669573f54108cf9984302306--hra-ui.netlify.app,12
www.s.com,12
668f1bf9185af58cc10ad63a--hra-ui.netlify.app,12
66957bbe4108cfa2ac302414--hra-ui.netlify.app,12
www.bio-itworld.com,12
666889f33cbf581331f9b3d5--hra-ui.netlify.app,12
667d7103e6cd03008a647fe2--hra-ui.netlify.app,12
ger.animalia-life.club,12
3.167.152.74,12
3.167.152.110,12
6513279af75eb50f031ea7c3--hubmap-ccf-ui.netlify.app,12
6683cd3af66f712218d843f2--hra-ui.netlify.app,12
64dedf1f331d7743d361df66--hubmap-ccf-ui.netlify.app,12
668579ad990b893f4e237ef8--hra-ui.netlify.app,12
668eb47bf53fa70d25326f63--hra-ui.netlify.app,12
668c031db571f2503126f3f6--hra-ui.netlify.app,12
demo.seco.tkk.fi,11
650c71967c6aa756d7d2209f--hubmap-ccf-ui.netlify.app,11
66db2124c492f24ed7853b1b--hra-ui.netlify.app,11
66ba80357cf6ac4b5676e9ef--hra-ui.netlify.app,11
d3e2xu2ool3eaa.cloudfront.net,11
666b0c683d4ad03dd0aa6b07--hra-ui.netlify.app,11
6660bd3d5a33f56c37909af0--hra-ui.netlify.app,11
666af2d4e5d72b2d9bcf817b--hra-ui.netlify.app,10
648753aeabe091007b0e7fb2--hubmap-ccf-ui.netlify.app,10
648af8b60b0025007f1a5e9d--hubmap-ccf-ui.netlify.app,10
www.google.co.jp,10
65135f209ccca1201cf8860e--hubmap-ccf-ui.netlify.app,10
64f141143172de0df9b96665--hubmap-ccf-ui.netlify.app,10
651716b490379f0a9330346c--hubmap-ccf-ui.netlify.app,10
648af82ed0f790041e31035d--hubmap-ccf-ui.netlify.app,10
6508a6e96403784674a39d32--hubmap-ccf-ui.netlify.app,10
www.google.de,10
infosev.com,10
64dfedeca8c9cf032a86c115--hubmap-ccf-ui.netlify.app,10
6511de5d0cf39c0007e0b6b1--hubmap-ccf-ui.netlify.app,10
64ff60ff00d9d53da48e1340--hubmap-ccf-ui.netlify.app,10
64aef6d25a614f0cf9be7f33--hubmap-ccf-ui.netlify.app,10
6502224575adcf4b74732aa7--hubmap-ccf-ui.netlify.app,10
64dd960aee581439fe1ac52b--hubmap-ccf-ui.netlify.app,10
65021e60fac0944ef5de188c--hubmap-ccf-ui.netlify.app,10
6511da9fdd133c0f39d4eb1f--hubmap-ccf-ui.netlify.app,10
65144a64d7b01302ebce936c--hubmap-ccf-ui.netlify.app,10
6502186e5232ef444e56363a--hubmap-ccf-ui.netlify.app,10
6508ad773a08be000889071d--hubmap-ccf-ui.netlify.app,10
search.brave.com,10
651ae553a573153ac4ff0fed--hubmap-ccf-ui.netlify.app,10
6487576038e7ff02889953e2--hubmap-ccf-ui.netlify.app,10
64aeee039040a509f981f259--hubmap-ccf-ui.netlify.app,10
65085fca851b27063f219848--hubmap-ccf-ui.netlify.app,10
6515dc2e2ce79808ca3a5b63--hubmap-ccf-ui.netlify.app,10
651b021c40231d23892b4d8d--hubmap-ccf-ui.netlify.app,10
64f2df2b5a9e195084bef5e4--hubmap-ccf-ui.netlify.app,10
650defac0c4ca42d5c2d6c48--hubmap-ccf-ui.netlify.app,10
13.227.37.102,10
6493759e1b315a21678eca3a--hubmap-ccf-ui.netlify.app,10
13.227.37.22,10
6515b8e3da4a2a355c3e483e--hubmap-ccf-ui.netlify.app,10
65009010520bd805ff5d6bac--hubmap-ccf-ui.netlify.app,10
64ff77b9ece3555aeec2041d--hubmap-ccf-ui.netlify.app,10
64f17f09535ac72c07983d72--hubmap-ccf-ui.netlify.app,10
649334b68869280098371d11--hubmap-ccf-ui.netlify.app,10
648af750d0f790034231037c--hubmap-ccf-ui.netlify.app,10
6493ae4cd8a3b60da8df71b3--hubmap-ccf-ui.netlify.app,10
6515b6a7327cd92ea335e449--hubmap-ccf-ui.netlify.app,10
64fba88ddb4b0972ada1855d--hubmap-ccf-ui.netlify.app,10
65145ae1cab9c41648a2a63a--hubmap-ccf-ui.netlify.app,10
6489e7671a6e200ad52ca102--hubmap-ccf-ui.netlify.app,10
65130eca1e0f3603de3505f5--hubmap-ccf-ui.netlify.app,10
6517208883a640135a675ab4--hubmap-ccf-ui.netlify.app,10
648c98871c63b73ab68a709a--hubmap-ccf-ui.netlify.app,10
64ff6c75db4b094967a1864b--hubmap-ccf-ui.netlify.app,10
65143bcfd1480b2c9aaabfdd--hubmap-ccf-ui.netlify.app,10
65035bd4bb89652235efaa62--hubmap-ccf-ui.netlify.app,10
64aeec85a2be480942320e38--hubmap-ccf-ui.netlify.app,10
65ae9130207a041f53e1b7b8--hubmap-ccf-ui.netlify.app,10
65170fb381b82d0334974bc2--hubmap-ccf-ui.netlify.app,10
64ff824ffa00dc5e01fbbedc--hubmap-ccf-ui.netlify.app,10
64fb997edb4b096823a18650--hubmap-ccf-ui.netlify.app,10
64aef009e594cc0a78d7f414--hubmap-ccf-ui.netlify.app,10
65035d82bb896523c3efa9cf--hubmap-ccf-ui.netlify.app,10
648af62562692e02dbacbc55--hubmap-ccf-ui.netlify.app,10
64fba364ef58147382a46c8d--hubmap-ccf-ui.netlify.app,10
650320f52e294d006eed808d--hubmap-ccf-ui.netlify.app,10
6489e5b32ca7810864a0850b--hubmap-ccf-ui.netlify.app,10
65159c1fa35e351c74eafddb--hubmap-ccf-ui.netlify.app,10
64887c9982a9e90acf856f7d--hubmap-ccf-ui.netlify.app,10
6514a19596406d08971efd78--hubmap-ccf-ui.netlify.app,10
64f81bfb4c94e1424ee0e37c--hubmap-ccf-ui.netlify.app,10
13.227.37.5,10
6516cba634295b7f8b4c1d27--hubmap-ccf-ui.netlify.app,10
65143e6404e95f2a0760b5fa--hubmap-ccf-ui.netlify.app,10
6515beb8da4a2a3b633e42f4--hubmap-ccf-ui.netlify.app,10
64874f0fcd4dc50098c86e03--hubmap-ccf-ui.netlify.app,10
64876c2738097d07581bc75f--hubmap-ccf-ui.netlify.app,10
6501d320ab32480ade1a5830--hubmap-ccf-ui.netlify.app,10
6504ee069d357c39aa0d9e54--hubmap-ccf-ui.netlify.app,10
cassyni.com,10
6509f6e718794a3cb756cba8--hubmap-ccf-ui.netlify.app,10
65120b4084326a0077c494c6--hubmap-ccf-ui.netlify.app,10
65148f7f692f1e0077f78167--hubmap-ccf-ui.netlify.app,10
64f25066d019ec0600374467--hubmap-ccf-ui.netlify.app,10
651a61af8d9792511d70f411--hubmap-ccf-ui.netlify.app,10
65089fe80c4f2c3e3204bb9c--hubmap-ccf-ui.netlify.app,10
6515a4a58955931f630201d8--hubmap-ccf-ui.netlify.app,10
651b406920e2040ded27feef--hubmap-ccf-ui.netlify.app,10
tmedids.bicbioeng.org,10
6512fbad9692000079c9e577--hubmap-ccf-ui.netlify.app,10
648a2d5617795307ceee40bc--hubmap-ccf-ui.netlify.app,10
65089ce4ca32913f34f4230a--hubmap-ccf-ui.netlify.app,10
64eef59aae3238504ef7b909--hubmap-ccf-ui.netlify.app,10
app.tango.us,10
6514a1dc692f1e0ab5f7821f--hubmap-ccf-ui.netlify.app,10
648c9842d8e35539e75b9578--hubmap-ccf-ui.netlify.app,10
650343962a0a930860067a46--hubmap-ccf-ui.netlify.app,10
65173d394119b629351083ec--hubmap-ccf-ui.netlify.app,10
6508a52770c03700080d7e3c--hubmap-ccf-ui.netlify.app,10
650e2e824dc514546677f6a1--hubmap-ccf-ui.netlify.app,10
6500cd71fc799e096be95604--hubmap-ccf-ui.netlify.app,10
6489db9bb7825d009e485ca1--hubmap-ccf-ui.netlify.app,10
6511ea0f69a4050943f84e11--hubmap-ccf-ui.netlify.app,10
6517223011d6341518a79ae0--hubmap-ccf-ui.netlify.app,10
6515bcd17f2eb73dcfdff7aa--hubmap-ccf-ui.netlify.app,10
650c6b2502756b4ebbed090d--hubmap-ccf-ui.netlify.app,10
65164cc1d962c52ee69de26f--hubmap-ccf-ui.netlify.app,10
6515dfc56640ee0483b292b6--hubmap-ccf-ui.netlify.app,10
6515cc06bc02c00007472e1c--hubmap-ccf-ui.netlify.app,10
6503f18f1737d4525fad8981--hubmap-ccf-ui.netlify.app,10
www.google.co.th,10
6511fa5d55be3817e38eef16--hubmap-ccf-ui.netlify.app,10
64fb991cd0af9f73846bc5f8--hubmap-ccf-ui.netlify.app,10
651c655b84a39705f74b81f0--hubmap-ccf-ui.netlify.app,10
13.227.37.40,10
64fb99d6cef1e16bce145765--hubmap-ccf-ui.netlify.app,10
64ff77cedb4b0951a4a184b1--hubmap-ccf-ui.netlify.app,10
65133ceab0e36c0d5e43231d--hubmap-ccf-ui.netlify.app,10
652eb63bd4e1842c5612128a--hubmap-ccf-ui.netlify.app,10
blog.citeab.com,9
66ba33deeded4fcc30b33a3a--hra-ui.netlify.app,9
portal-prod.test.hubmapconsortium.org,9
com.linkedin.android,9
www.google.com.br,9
668edc6e0d8d25406be34bda--hra-ui.netlify.app,9
668da444e0967cf154bb9983--hra-ui.netlify.app,9
ztec100.com,9
6679ba0a62d40f144ed10b7d--hra-ui.netlify.app,8
66db2bef961e63a9120dc23b--hra-ui.netlify.app,8
com.google.android.googlequicksearchbox,8
www.facebook.com,8
66310a33129c4c21f9bab0c6--hra-ui.netlify.app,8
65a18d321e61a3342def5623--hra-ui.netlify.app,8
657b3bf4139aae008ff52d1a--hubmap-ccf-ui.netlify.app,8
666c6f6584039edc1e444da3--hra-ui.netlify.app,8
app.constantcontact.com,8
13.249.141.23,8
lens.google.com,8
www.google.co.kr,8
academic.oup.com,8
6539435da087000af756accd--humanatlas-io.netlify.app,8
d1997x6ampzi13.cloudfront.net,8
65a15a5ae5e58f0844b8f83a--hra-ui.netlify.app,8
6629320466eac91a81a15474--hra-ui.netlify.app,8
654a897b7ea68f0008ef9a31--hubmap-ccf-ui.netlify.app,7
65316ac8c533fb0008f62cea--hubmap-ccf-ui.netlify.app,7
65b98cfddb5b476002ff675d--hubmap-ccf-ui.netlify.app,7
659d90213dae04000822945e--hubmap-ccf-ui.netlify.app,7
en.wikipedia.org,7
i6c6f64o68756d616e61746c6173o696fz.oszar.com,7
6573b941648ed7029a17722c--hra-ui.netlify.app,7
klublr.com,7
65491d62e2be480008bc9d1f--hubmap-ccf-ui.netlify.app,7
65fda520011ef51a79473712--hra-ui.netlify.app,7
6621597a56a98100a89ed487--hra-ui.netlify.app,7
13.249.141.64,7
t.e2ma.net,7
657b3d7dd08b740009a2cbbd--hubmap-ccf-ui.netlify.app,7
13.249.141.51,7
657c51c8e04de30009346f51--hubmap-ccf-ui.netlify.app,6
657b695410150e00081973d7--hubmap-ccf-ui.netlify.app,6
www.news-medical.net,6
65312c1493d4f500082cd713--hubmap-ccf-ui.netlify.app,6
6556a198c5865e00083e04dc--hubmap-ccf-ui.netlify.app,6
65568a86143a8300084701c2--hubmap-ccf-ui.netlify.app,6
simplesite.com,6
6532af4b5e0c4c0008f006be--hubmap-ccf-ui.netlify.app,6
65312e38dd72760008f9e041--hubmap-ccf-ui.netlify.app,6
657b3c0fd37b57028c7a68a1--hubmap-ccf-ui.netlify.app,6
europeanwriterstour.com,6
6537e1eb8a87050009e7c400--hubmap-ccf-ui.netlify.app,6
66957f9fd560b194e9166e67--hra-ui.netlify.app,6
65576766df4ce70008c387ef--hubmap-ccf-ui.netlify.app,6
develop-vp-import2.dev.gs.team,6
6578ae0471382800087e6be5--hubmap-ccf-ui.netlify.app,6
654a9433cfc9bb0008c1478e--hubmap-ccf-ui.netlify.app,6
654a49c42353ec0008f4a7dd--hubmap-ccf-ui.netlify.app,6
654acdf77376c50007ede81d--hubmap-ccf-ui.netlify.app,6
13.249.141.90,6
653c19012c175f00088b1ca8--hubmap-ccf-ui.netlify.app,6
65b165162e5e4f00084e3d48--hubmap-ccf-ui.netlify.app,6
652d8dc74cfa3e008284990e--hubmap-ccf-ui.netlify.app,6
657b6943267c1c0008d4c47c--hubmap-ccf-ui.netlify.app,6
6542a63b8da71b0008376f5a--hubmap-ccf-ui.netlify.app,6
65c13cb0b114590008af1ec5--hubmap-ccf-ui.netlify.app,6
66eb42a1c5371da8184f2336--hra-ui.netlify.app,6
654a4e6d7c7d250008711a67--hubmap-ccf-ui.netlify.app,6
65bc64209f7d552bdcf7ca15--hubmap-ccf-ui.netlify.app,6
654439940d0b7900070f5dcc--hubmap-ccf-ui.netlify.app,6
65bc4d588013bb20010e456c--hubmap-ccf-ui.netlify.app,6
www.readcube.com,6
purl.org,6
659c5a207bf0a40008cd334f--hubmap-ccf-ui.netlify.app,6
dev.hubmapconsortium.org,6
657354a31ae76d395399f8cf--hubmap-ccf-ui.netlify.app,6
654c2731b4e210000887e69a--hubmap-ccf-ui.netlify.app,6
654296a489869800087578e2--hubmap-ccf-ui.netlify.app,6
6671c905803efa233ddbf1f2--hra-ui.netlify.app,6
654a90b9b57e610008bbed1d--hubmap-ccf-ui.netlify.app,6
6543584b048b4a315cb4662d--hubmap-ccf-ui.netlify.app,6
6557c781e492860008365e98--hubmap-ccf-ui.netlify.app,6
65567c3d71ab240095f242a7--hubmap-ccf-ui.netlify.app,6
654158f3bcab810008a13f88--hubmap-ccf-ui.netlify.app,6
view.officeapps.live.com,6
653043ae849fe50008575134--hubmap-ccf-ui.netlify.app,6
sucuri.net,6
6556824c40b1c5000863073a--hubmap-ccf-ui.netlify.app,6
65bd363b890c76276d87f07f--hubmap-ccf-ui.netlify.app,6
teams.microsoft.com,6
65440ce790e5c70008c415bc--hubmap-ccf-ui.netlify.app,6
54.163.58.150,6
65563247c11fa3000884ac0b--hubmap-ccf-ui.netlify.app,6
65491db46a52af0008aa0e21--hubmap-ccf-ui.netlify.app,6
667473d583621c9dc5373a3f--hra-ui.netlify.app,6
657b3d60a776480008b15549--hubmap-ccf-ui.netlify.app,6
6573566f063314000844984d--hubmap-ccf-ui.netlify.app,6
66df2b2af1c74e44ae3161bd--hra-ui.netlify.app,6
65a08cf51f33b80008a1ae0c--hubmap-ccf-ui.netlify.app,6
6509c695108f1c18ce75ee31--hubmap-ccf-ui.netlify.app,6
65723844608788009a0f1179--hubmap-ccf-ui.netlify.app,6
654a9359e55ad80008e773b4--hubmap-ccf-ui.netlify.app,6
bhushankhope.com,6
6509f6108ad56e5b03dd275b--hubmap-ccf-ui.netlify.app,6
6509c6e64e41b1396c3684ba--hubmap-ccf-ui.netlify.app,6
6557dc00ba63ac0008a043d7--hubmap-ccf-ui.netlify.app,6
65435d79064ea1000842f432--hubmap-ccf-ui.netlify.app,6
65679f8ecb43a60008d01d9a--hubmap-ccf-ui.netlify.app,6
65c12b47e3b5d20008790e8d--hubmap-ccf-ui.netlify.app,6
654150a86f084600084d55af--hubmap-ccf-ui.netlify.app,6
www.thermofisher.cn,6
659df389c92f32000832ce55--hubmap-ccf-ui.netlify.app,6
author1.prod.thermofisher.com,5
away.vk.com,5
66a3ed6976df8d3d485a2603--hra-ui.netlify.app,5
6679ca914a8a7c2347d934e8--hra-ui.netlify.app,5
667034ad90c94a13a47672a5--hra-ui.netlify.app,5
www.overleaf.com,5
6619c73ddc2f1f197d68eafc--hra-ui.netlify.app,5
andreas-bueckle.com,5
pypi.org,5
65aef961207a046deee1b595--hubmap-ccf-ui.netlify.app,5
654e5020565c2b0008f7a0f7--hubmap-ccf-ui.netlify.app,5
www.google.com.au,5
65c1335a5ee0420cdd29f8c2--hubmap-ccf-ui.netlify.app,5
issemantic.net,5
65aeb6bccae1aa3b882eea82--hubmap-ccf-ui.netlify.app,5
grlc.io,5
l.facebook.com,5
6537e22236442c00082dc8c5--hubmap-ccf-ui.netlify.app,5
mail.qq.com,5
65b43182cdadaf2157c697b1--hubmap-ccf-ui.netlify.app,5
667ab20b87f0dc07e0a708e1--hra-ui.netlify.app,5
info.cfde.cloud,5
661d5c133decd70648f24884--hra-ui.netlify.app,5
6658f110497f3a82f9aafc87--hra-ui.netlify.app,5
66799f7399cf94072191c852--ccf-asct-reporter.netlify.app,5
65b97be41ce3284db1f87194--hubmap-ccf-ui.netlify.app,5
6578aa841520ab0de7ac8fa9--hubmap-ccf-ui.netlify.app,5
6532f7524e799326ec794895--hubmap-ccf-ui.netlify.app,5
moorecatholichs.com,5
65aff3fc9b35cf0f10025fe1--hra-ui.netlify.app,4
65b838f860667967cafbb02c--hubmap-ccf-ui.netlify.app,4
terminology.nfdi4chem.de,4
scimaps.org,4
tiger-gym.com,4
65394dcee03a7103464a6fc4--humanatlas-io.netlify.app,4
65b836f9ba4d806244e11193--hubmap-ccf-ui.netlify.app,4
mail.nistep.go.jp,4
chatgpt.com,4
66f6d2d968be2887089c2d97--hra-ui.netlify.app,4
66b3abfc7f7f7b043e9f895c--hra-ui.netlify.app,4
www.google.com.tw,4
65b836cda6081c6744dc3c00--hubmap-ccf-ui.netlify.app,4
m.baidu.com,4
www.tublm.com,4
www.google.com.tr,4
663004a691964e255dda8089--hra-ui.netlify.app,4
666925025bcbed5ea7973adc--hra-ui.netlify.app,4
house-experts.co.uk,4
66f70050a708bec4cf52114a--hra-ui.netlify.app,4
www.jax.org,4
65b8350347764066e6ee3ed4--hubmap-ccf-ui.netlify.app,4
www.google.es,4
topimaterace.pl,4
app.webinar.net,4
668d7a06e0967cbabfbb9a41--hra-ui.netlify.app,3
bakman.fresnounified.org,3
qiper.ru,3
moodle.inmegen.gob.mx,3
query.linkeddatafragments.org,3
office-sec.alibaba-inc.com,3
develop-ea-plots.dev.gs.team,3
eur03.safelinks.protection.outlook.com,3
scanned.page,3
powerpoint.officeapps.live.com,3
666b3b11e5d72b86f9cf7e4f--hra-ui.netlify.app,3
contentcuration.marketinghits.com,3
www.scoop.it,3
www.google.ro,3
www.gumbo.com,3
bioportal.bioontology.org,3
workbench-czi-cpw.mvm.ed.ac.uk,3
www.google.com.pk,3
3.160.22.25,3
supporttool.siteimprove.com,3
hypestat.com,3
trello.com,3
www.google.co.in,3
6644d5a53bda8d334a74ac2e--hra-ui.netlify.app,3
3.160.22.51,3
654e5436be3cf12445bbf8cf--humanatlas-io.netlify.app,3
nubeed.com,3
66c8a179551a8959f6fedd93--hra-ui.netlify.app,3
healthdid.net,3
www.google.ru,3
www-nature-com.ezp-prod1.hul.harvard.edu,3
www.sciencedirect.com,3
skyjem.com,3
www.google.ca,3
6604314bc8196b008e9ae09b--hra-ui.netlify.app,3
3.160.22.31,3
3.160.22.83,2
6660e20d7812b507611a9266--hra-ui.netlify.app,2
www.vizbi.org,2
654557793ff6030008117615--hubmap-ccf-ui.netlify.app,2
www.google.be,2
develop-egal.dev.gs.team,2
65457943994434000871ce64--hubmap-ccf-ui.netlify.app,2
netscisociety.net,2
666b3035e5d72b7a57cf7e3e--hra-ui.netlify.app,2
666ae17d9843f40008b275a2--hra-releases.netlify.app,2
18.164.124.123,2
18.164.124.19,2
666b0e90d8b727414f15fe5b--hra-ui.netlify.app,2
idr.openmicroscopy.org,2
www.google.cz,2
mydinohub.com,2
66fae56acd65b60fe7d3325d--hra-ui.netlify.app,2
scampi.github.io,2
test-www.nature.com,2
bhushankhope.github.io,2
142.54.161.106,2
search.yahoo.com,2
www.xtrafficplus.shop,2
www.researchgate.net,2
wwwdev.ebi.ac.uk,2
669ebef131a4593e4ff7fada--hra-ui.netlify.app,2
66aab91ee48fd2205c336d41--hra-ui.netlify.app,2
HUMANATLAS.IO,2
www-nature-com.libproxy1.nus.edu.sg,2
143.204.29.119,2
6621b02af050a148be9666f8--hra-ui.netlify.app,2
143.204.29.111,2
www.google.com.pe,2
i7075726co68756d616e61746c6173o696fz.oszar.com,2
develop-ea.dev.gs.team,2
jef.works,2
665f6ee186974f421182960e--hra-ui.netlify.app,2
6544393a0a9f821411fddac2--hubmap-ccf-ui.netlify.app,2
luxepark.ru,2
www.google.ie,2
doi.datacite.org,2
66c7796326803875c68e0bbf--hra-ui.netlify.app,2
d1ysz50cxb9zwl.cloudfront.net,2
triplydb.com,2
6541b9ef9b376d296e2ad9cb--hubmap-ccf-ui.netlify.app,2
66c783b904cb7086359131cc--hra-ui.netlify.app,2
66f704b2a744c2d0029363ca--hra-ui.netlify.app,2
www.hidracor.com.br,2
66f6fcdfaff8dac1f3245c59--hra-ui.netlify.app,2
66063d1c053e1f8d10a98fff--hra-ui.netlify.app,2
www.besthatcheries.com,2
www-nature-com.proxy.bibliotheques.uqam.ca,2
dgpu.org,2
www.google.com.mx,2
66b3c0292d7b89048906813c--ccf-asct-reporter.netlify.app,2
6699813528818d0e204f9ee4--hra-ui.netlify.app,2
65485c2baa744a0008dc18b0--hubmap-ccf-ui.netlify.app,2
jacksonlaboratory.atlassian.net,2
www.google.fr,2
www.nxtbook.com,2
143.204.29.107,2
broadinstitute.atlassian.net,2
18.164.124.101,2
143.204.29.11,2
sairasetecores.org.br,2
cellxgene.dev.single-cell.czi.technology,2
www-nature-com.proxy.insermbiblio.inist.fr,2
65457459f4597f0a174be825--hubmap-ccf-ui.netlify.app,2
idr-next.openmicroscopy.org,2
l.workplace.com,2
authoring.us-il101.gateway.prod.island.powerapps.com,2
ewhois.com,2
cuny.trial.genestack.com,2
www-nature-com.ezproxy.unav.es,2
www.google.cl,2
18.164.124.81,2
glint.edcast.com,2
6679a8a3dfb8b100080148d8--hra-releases.netlify.app,2
preview.shorthand.com,2
66f6f34f51454fb0789fa7e0--hra-ui.netlify.app,2
pegasus.vumc.org,2
meduniduesseldorfde-my.sharepoint.com,2
660c67a172121923d82cc9c4--hra-ui.netlify.app,2
657221cf062a68000832a9fc--hra-releases.netlify.app,1
6579acfc46e0080008159ddf--hra-releases.netlify.app,1
65771d049529cb0008a619f2--hra-releases.netlify.app,1
nature.ltlogo.top,1
661d457072f40a06958f923a--hra-ui.netlify.app,1
657251610c6b6e00072294f7--hra-releases.netlify.app,1
www-nature-com.ezproxy.med.nyu.edu,1
657c7de9b5c8270008a1c475--hra-releases.netlify.app,1
654e8cb3f7ac170008d75750--hra-releases.netlify.app,1
657cc4f3ce70480008d4aae7--hra-releases.netlify.app,1
nature.cesproxy.elogim.com,1
readpaper.com,1
ciemerweb.com,1
3.163.24.10,1
65725e1ad2097000087df127--hra-releases.netlify.app,1
ya.ru,1
6570f100b3676c0008c26742--hra-releases.netlify.app,1
657244bd336a6b0008ec7479--hra-releases.netlify.app,1
659eac169be92700081df1f3--hra-releases.netlify.app,1
memrise.com,1
accuweather.com,1
vscode.dev,1
6569ff1dd466370008c7ac4c--hra-releases.netlify.app,1
653bc6fb9999e900098051c5--hra-releases.netlify.app,1
6578f1193c2ee20008a3117d--hra-releases.netlify.app,1
657cc512f3621600080abd2d--hra-releases.netlify.app,1
657239aaa2c65300083ec3c3--hra-releases.netlify.app,1
657221cd8b2a0f00081f87fb--hra-releases.netlify.app,1
cmilab.nephrology.medicine.ufl.edu,1
gbc-powerpoint.officeapps.live.com,1
654e8b2a7db69b0008044eff--hra-releases.netlify.app,1
6570ef44092b9d0007f1805f--hra-releases.netlify.app,1
www.harpro.net,1
65523332ef457a0008f712a7--hra-releases.netlify.app,1
656f1942a8a94c0008f694d0--hra-releases.netlify.app,1
redwoodcoasthumane.org,1
6572721941d5ac0008d49b6f--hra-releases.netlify.app,1
halmeniemi.info,1
maxlinetools.com,1
657355c12b2ed10007a965b9--hra-releases.netlify.app,1
65552903a1928100085034df--hra-releases.netlify.app,1
www.salviamolebufale.it,1
preprod.mbacity.com,1
65723bb9bd7f0a0008698f8d--hra-releases.netlify.app,1
74.114.196.26,1
66f3abc30afc02d49ced93bf--hra-ui.netlify.app,1
657236ec0bf7d600084ed170--hra-releases.netlify.app,1
657272dc985f830008108b84--hra-releases.netlify.app,1
654e8cbd5e2e0e0009904fe7--hra-releases.netlify.app,1
6660ae2f71cfdf63504a0ed2--hra-ui.netlify.app,1
651eb90afba0050008c33a17--hra-releases.netlify.app,1
6577661a65c82b00089a8a23--hra-releases.netlify.app,1
65727b39336a6b0008f65ea5--hra-releases.netlify.app,1
651d89ac3077970008ba1432--hubmap-ccf-ui.netlify.app,1
65721b737964a700087e3143--hra-releases.netlify.app,1
bodyhealt.net,1
657cc7391976890008417c36--hra-releases.netlify.app,1
escholarship.org,1
65727c37c4ae7200086bed13--hra-releases.netlify.app,1
6572526648434a000809e494--hra-releases.netlify.app,1
65727b36e3a44000097daf3b--hra-releases.netlify.app,1
colab.research.google.com,1
ddyjpgkeqz.us-east-2.awsapprunner.com,1
654e8b31881ad80008eed3e4--hra-releases.netlify.app,1
656f8f46134c3a0008a63c28--hra-releases.netlify.app,1
browser-searching.com,1
651e6cec89f08d00092f37fe--hra-releases.netlify.app,1
669e819075ffeb760206edd6--hra-ui.netlify.app,1
664b6ba8d8a3d0d7cb6cc4f9--hra-ui.netlify.app,1
6571d03ed843710008c25f07--hra-releases.netlify.app,1
cellxgene.staging.single-cell.czi.technology,1
netflix.com,1
6572762b2080a300084b7a0a--hra-releases.netlify.app,1
www.eurekalert.org,1
668ebdbfcf626320f1dc1a4d--hra-ui.netlify.app,1
657234d17964a7000881dad4--hra-releases.netlify.app,1
65725956235bd6000881487a--hra-releases.netlify.app,1
65727f75235bd6000884abf2--hra-releases.netlify.app,1
669147670f9f5a2e7a01ec28--hra-ui.netlify.app,1
656a05138cfd3d0008205da4--hra-releases.netlify.app,1
662ffd534ee4ca1f971389a1--hra-ui.netlify.app,1
65243c2aaa38410008b80325--hra-releases.netlify.app,1
www-nature-com.foyer.swmed.edu,1
6570ef95f1740f000708ea32--hra-releases.netlify.app,1
65722fb71689280008eb8716--hra-releases.netlify.app,1
www-nature-com.udea.lookproxy.com,1
communities.springernature.com,1
65727ce46723220008b354e3--hra-releases.netlify.app,1
weixin110.qq.com,1
656a38b9fb8cff0008053366--hra-releases.netlify.app,1
65725a26d7b7fa0008ce8847--hra-releases.netlify.app,1
657239a82253ed00082881cb--hra-releases.netlify.app,1
657cc62a8f0c1d0008563c94--hra-releases.netlify.app,1
6566203244be76000824910e--hra-releases.netlify.app,1
65732d194238a10008e4f800--hra-releases.netlify.app,1
mybrowsersearching.com,1
searchpoint.click,1
657230c6d01f2200085facd6--hra-releases.netlify.app,1
65539f0124cefd00087d53a7--hra-releases.netlify.app,1
657cc6c887798400086fe0c0--hra-releases.netlify.app,1
www-ncbi-nlm-nih-gov.libproxy.wustl.edu,1
deploy-preview-51--hra-releases.netlify.app,1
6564788286a59700083c651f--hra-releases.netlify.app,1
6570dac2d9815b00081ea85f--hra-releases.netlify.app,1
65546e46454c5d0008915ed6--hra-releases.netlify.app,1
www.cmu.edu,1
656e1d97d82484000892b220--hra-releases.netlify.app,1
651dc10afcfb3600083502f4--hra-releases.netlify.app,1
657226eafcd2960008d227fc--hra-releases.netlify.app,1
657cc726ff7a550008a1c2e8--hra-releases.netlify.app,1
6571f2f6eb3ea6000854eb4f--hra-releases.netlify.app,1
668ed7ae330b7a3c831575e0--hra-ui.netlify.app,1
6571613151f4d00008fb0816--hra-releases.netlify.app,1
www-nature-com.proxy.bib.uottawa.ca,1
6571d82d581ec10008ec8f04--hra-releases.netlify.app,1
655529079b96c20008d0d1b2--hra-releases.netlify.app,1
67193f1bbcf328690f7d275b--hra-ui.netlify.app,1
www.google.lt,1
657230c8074ccb0009084ba4--hra-releases.netlify.app,1
656f8f483a57d20008343517--hra-releases.netlify.app,1
657240bced46d80008ff7bff--hra-releases.netlify.app,1
657217ce8c0ef400089742f4--hra-releases.netlify.app,1
6660dd63e7d8b0033261d29e--hra-ui.netlify.app,1
655393c1f0ea5000086839f0--hra-releases.netlify.app,1
m.facebook.com,1
65c8e124d1144d000859d3bd--hra-releases.netlify.app,1
66a023a8036db253230a70ec--hra-ui.netlify.app,1
ph.search.yahoo.com,1
656e45e9de893f0009990051--hra-releases.netlify.app,1
656ef860eafbbb00088db913--hra-releases.netlify.app,1
66fda24cf50664784d1b8a9e--hra-ui.netlify.app,1
www.google.dk,1
www.diffbot.com,1
65243c313b5abc0008a0a73b--hra-releases.netlify.app,1
65786bb7f4d45900086c72f0--hra-releases.netlify.app,1
657cc6a49d13bd000870735e--hra-releases.netlify.app,1
657240ba56c3780008fde6fb--hra-releases.netlify.app,1
usc.elogim.com,1
mckinneynewssource.com,1
656a38bc3ff3c60009819fc5--hra-releases.netlify.app,1
65727d9800a140000896a9e5--hra-releases.netlify.app,1
emdadbattery.co,1
654e96c38e53610008692bf3--hra-releases.netlify.app,1
65723d1848434a00080643d1--hra-releases.netlify.app,1
65726014bc47360008444fc9--hra-releases.netlify.app,1
app.clickup.com,1
www.kpcontact.com,1
65724942bd7f0a00086c39c2--hra-releases.netlify.app,1
65733ecc8062ca0009129d04--hra-releases.netlify.app,1
humanatlas-io.translate.goog,1
domain.glass,1
6572620a12b4480008f8ecca--hra-releases.netlify.app,1
65731fcd3dd56000083e5c11--hra-releases.netlify.app,1
656a05178e990c0008d34239--hra-releases.netlify.app,1
usc-word-edit.officeapps.live.com,1
654e8df2de8def0008c043d3--hra-releases.netlify.app,1
655646e5d13ad4000847a51c--hra-releases.netlify.app,1
657249078316880008c6b7df--hra-releases.netlify.app,1
develop-kv.dev.gs.team,1
65725a29d7b7fa0008ce884c--hra-releases.netlify.app,1
www-gtexportal-org.translate.goog,1
6579e352fc746d00084e284c--hra-releases.netlify.app,1
6570e7b539cd160009ff3a0e--hra-releases.netlify.app,1
65732d16235bd60008c528bc--hra-releases.netlify.app,1
65666007ee7a53000803fc93--hra-releases.netlify.app,1
6571ecb9ddb83f0008bfb291--hra-releases.netlify.app,1
66a1537127d684293762f655--hra-ui.netlify.app,1
657340ce8d4e6400083034a9--hra-releases.netlify.app,1
66f6c867aff8da798d245be5--hra-ui.netlify.app,1
cellcards.org,1
6572611277f87c0007e85a11--hra-releases.netlify.app,1
www.google.com.do,1
6718592fbef3180722764e77--hra-ui.netlify.app,1
t.me,1
6567a69873ccaf000881ecc6--hra-releases.netlify.app,1
www.o-gecko.com,1
sandboxasml.edcast.com,1
spark.edcastpreview.com,1
656e42169f0a8100089e7181--hra-releases.netlify.app,1
yandex.com,1
pdf.sciencedirectassets.com,1
6570eef686f4180009a2a864--hra-releases.netlify.app,1
65727166a3b6fe00080b4e2d--hra-releases.netlify.app,1
6567a69aeea0ea0008c44655--hra-releases.netlify.app,1
aireacondicionadoalicante.top,1
daily-news.co,1
6572161ae663360008782687--hra-releases.netlify.app,1
www-nature-com.acces.bibl.ulaval.ca,1
657226fdf05af80008d10ea6--hra-releases.netlify.app,1
65561ed2e6a8080008b032cc--hra-releases.netlify.app,1
657cbee376124d0008362e71--hra-releases.netlify.app,1
659eaca4c10fa50008b81644--hra-releases.netlify.app,1
651ee2a0104f06000949890f--hra-releases.netlify.app,1
6573351dcf22740008fd637d--hra-releases.netlify.app,1
669ee7b0c56413683b48a256--hra-ui.netlify.app,1
65722e1db3f429000881487f--hra-releases.netlify.app,1
65725e180c6b6e000723f4b8--hra-releases.netlify.app,1
6570e7b29e516600083494c7--hra-releases.netlify.app,1
dev.pancreatlas.org,1
654e8dea41d94f0008be5064--hra-releases.netlify.app,1
antiphishing.vadesecure.com,1
66d0ffaf320e5ebe400ea20f--hra-ui.netlify.app,1
6560a6577ae8d10008332ac1--hra-releases.netlify.app,1
651ed517182bd70008778aac--hra-releases.netlify.app,1
6572751cb64c460008b41aad--hra-releases.netlify.app,1
18.161.6.44,1
657331ddef7d4f00088bef49--hra-releases.netlify.app,1
65727f77bc473600084ae853--hra-releases.netlify.app,1
6564a58e9474a60008a0b9d1--hra-releases.netlify.app,1
www.master.com.tr,1
65771d487c98e30008c670bc--hra-releases.netlify.app,1
657333e81c60ad00092fd664--hra-releases.netlify.app,1
cotctech.com,1
65723bb677f87c0007e50834--hra-releases.netlify.app,1
657331e0ede4eb00082e0002--hra-releases.netlify.app,1
6655ecffd5fbd63754b7655f--hra-ui.netlify.app,1
654e97eac6ce5f000816208d--hra-releases.netlify.app,1
6572585a3dd56000081dcf98--hra-releases.netlify.app,1
657262f7e7be2c0008016f1d--hra-releases.netlify.app,1
64f605dcd0cca60d0d6cf74e--hra-ui.netlify.app,1
6571fce40f9f130008d77f69--hra-releases.netlify.app,1
qiye.aliyun.com,1
6569ff2010f67900082c7b44--hra-releases.netlify.app,1
655393bc2b4beb000867ae43--hra-releases.netlify.app,1
651ed53ec66bca000870b038--hra-releases.netlify.app,1
657355be836788000983d44d--hra-releases.netlify.app,1
65391c6e8de29f1648310e34--hra-ui.netlify.app,1
www.semantechs.co.uk,1
pueblerino.info,1
www.udu.io,1
6704aa04cf7391a4d59288cc--hra-ui.netlify.app,1
6572745f59bef40007d786c8--hra-releases.netlify.app,1
6572762dcf22740008dbb80e--hra-releases.netlify.app,1
6564a58b099ee700082423a2--hra-releases.netlify.app,1
comercialelangel.com.gt,1
654eea43099651000972451d--hra-releases.netlify.app,1
666ad9147de68200073c73cc--hra-releases.netlify.app,1
653bc70379300a0008ff3ec0--hra-releases.netlify.app,1
www.zhangweidi.com,1
6564787e0dcbaf0008cda53d--hra-releases.netlify.app,1
elsevier.proofcentral.com,1
657276f09664a300085be653--hra-releases.netlify.app,1
65722bbbda223f0009561afe--hra-releases.netlify.app,1
657263b6d7b7fa0008cfe8ec--hra-releases.netlify.app,1
64f1258c26c222007ebb7e97--hra-ui.netlify.app,1
651dc10bcfb30f0008c631ec--hra-releases.netlify.app,1
651c0b41f480ad2126cb6004--hubmap-ccf-ui.netlify.app,1
65720c310579f50007d3eecf--hra-releases.netlify.app,1
www.alinasblog.xyz,1
www-nature-com.passerelle.univ-rennes1.fr,1
lnkd.in,1
apple.com,1
657caffcca656500081e8b00--hra-releases.netlify.app,1
www.epslarhome.shop,1
lattice.atlassian.net,1
65733bd756c3780008e01ca2--hra-releases.netlify.app,1
657276f28062ca0008b110e7--hra-releases.netlify.app,1
65fdae0eab32b22a468e1630--hra-ui.netlify.app,1
picassov1uspreview.edcastpreview.com,1
656e421970b0dc00089c2d25--hra-releases.netlify.app,1
edit.inab.certh.gr,1
6570ebc520a0850008c2a773--hra-releases.netlify.app,1
www.labroots.com,1
657272df4a8f33000891961d--hra-releases.netlify.app,1
651c4cca3762e2762a2860b2--hubmap-ccf-ui.netlify.app,1
65725d56235bd60008818e6d--hra-releases.netlify.app,1
nature.bibliotecabuap.elogim.com,1
6570ebc7923dba000867bdd2--hra-releases.netlify.app,1
65722e1b73863f0008bc6fa7--hra-releases.netlify.app,1
6571ca4577f8fd0008bdf472--hra-releases.netlify.app,1
657162717fd61f0008b25d1c--hra-releases.netlify.app,1
nosvoixcomptent.org,1
www.npmjs.com,1
65561ecde062920008820bb6--hra-releases.netlify.app,1
65731805222ad30008b3246b--hra-releases.netlify.app,1
classic.yarnpkg.com,1
cac-word-edit.officeapps.live.com,1
www.tommysautomotivecare.com,1
6571fce1553364000736574d--hra-releases.netlify.app,1
6571627351f4d00008fb1471--hra-releases.netlify.app,1
6555d0cfaeeb6c000785b7eb--hra-releases.netlify.app,1
www.google.com.vn,1
6572745ce821a80008478284--hra-releases.netlify.app,1
ippigateway.prod.4pm.ie,1
6570f102379fd00008a65d43--hra-releases.netlify.app,1
657205fbd485010007996aef--hra-releases.netlify.app,1
heilsuhofid.is,1
66f616576d45dc9993fff91b--hra-ui.netlify.app,1
66fda580d9202c7997db0836--hra-ui.netlify.app,1
www.google.co.za,1
657766378b0beb00089c6884--hra-releases.netlify.app,1
656e1d9422593900084a5211--hra-releases.netlify.app,1
66d1de36b7b4fda628af0698--hra-ui.netlify.app,1
655646e10f53b10008e6c1a1--hra-releases.netlify.app,1
65727c3a9ef3e20008517b57--hra-releases.netlify.app,1
18.172.170.92,1
qsfsg.marihome.online,1
6566202fbc3058000785494c--hra-releases.netlify.app,1
657262f5537d1f000855b677--hra-releases.netlify.app,1
gateway.zscalertwo.net,1
purdue.webex.com,1
sogo.uni-heidelberg.de,1
www-nature-com-s.cams.ilibs.cn,1
65546e4244e4870008858213--hra-releases.netlify.app,1
657259538062ca0008ae0116--hra-releases.netlify.app,1
657263b8a7ad180008d74e2e--hra-releases.netlify.app,1
en.m.wikipedia.org,1
6572585d39fe4a0008358ad2--hra-releases.netlify.app,1
6578f10faf0536000877d9ff--hra-releases.netlify.app,1
65727d9b728ddc0008b1c644--hra-releases.netlify.app,1
6573352148434a000836e395--hra-releases.netlify.app,1
65722bb8faed8b00085a20af--hra-releases.netlify.app,1
657273a7d6a7c500081de43f--hra-releases.netlify.app,1
www.bonniesblog.online,1
657205f94a9dea000815caea--hra-releases.netlify.app,1
65727ce2380e530007786c0d--hra-releases.netlify.app,1
661f1b1373bf91a919b43349--hra-ui.netlify.app,1
getliner.com,1
66a025789eecfc4dd97a2788--hra-ui.netlify.app,1
657cc6f76f919400086d3bd9--hra-releases.netlify.app,1
6685a6ad683e17878699347a--hra-ui.netlify.app,1
oktau.edcast.com,1
6570cf59886e8500099bb4fa--hra-releases.netlify.app,1
wcc.on24.com,1
657cbea45cf72c0008104a9c--hra-releases.netlify.app,1
657272178d626c0008421148--hra-releases.netlify.app,1
657318035f824800099a9acd--hra-releases.netlify.app,1
www-nature-com.pucv.idm.oclc.org,1
657273a5ef7800000879ba40--hra-releases.netlify.app,1
65776891333b6200080cfc66--hra-releases.netlify.app,1
65733bdacf22740008fdff63--hra-releases.netlify.app,1
cricketuganda.world,1
www.humanatlas.io,1
657244c0a53a4b00079dbbd1--hra-releases.netlify.app,1
6560a6531089790008a32fbe--hra-releases.netlify.app,1
657cc434027f3400089bc2d2--hra-releases.netlify.app,1
66858ad06c29626562326948--hra-ui.netlify.app,1
scimaps.netlify.app,1
6571eca0aef3260008572516--hra-releases.netlify.app,1
657260129664a30008598c7d--hra-releases.netlify.app,1
65725d53ef78000008757f6c--hra-releases.netlify.app,1
gbc-word-view.officeapps.live.com,1
652d898608d6910c940cf81f--hubmap-ccf-ui.netlify.app,1
651c517202184179b0ad58e2--hubmap-ccf-ui.netlify.app,1
gpolivegroup.com,1
6571ca4862e0ab000883f3ab--hra-releases.netlify.app,1
www.globalmailingsolutions.com,1
6571d82b43e83d0008f0bc11--hra-releases.netlify.app,1
666b4da88ce0789d00e92089--hra-ui.netlify.app,1
query.comunica.dev,1
freespoke.com,1
commons.m.wikimedia.org,1
www-nature-com.libproxy.wustl.edu,1
657236e9de53d8000812729b--hra-releases.netlify.app,1
attachments.office.net,1
656f1945148b67000852da97--hra-releases.netlify.app,1
static.frontiersin.org,1
6570eae19e51660008355364--hra-releases.netlify.app,1
651ee2996ba3490007df7415--hra-releases.netlify.app,1
650a15dd1063007573c85eb2--hra-ui.netlify.app,1
655915c98794ba00089ce003--hra-releases.netlify.app,1
657cae968c5c27000838edc8--hra-releases.netlify.app,1
commons.datacite.org,1
app.textcortex.com,1
657249449fa6e50008cb6e2f--hra-releases.netlify.app,1
6571ed9f5087c10007866d89--hra-releases.netlify.app,1
frimatecuk.com,1
657216187ae4740008612eb4--hra-releases.netlify.app,1
6570eef91c51b80009763743--hra-releases.netlify.app,1
65720c34dfd27000089c3f0e--hra-releases.netlify.app,1
stage.cns.iu.edu,1
6570dac4978e300008e71169--hra-releases.netlify.app,1
65720fd1cae1f10008a6c822--hra-releases.netlify.app,1
65731a63222ad30008b3d197--hra-releases.netlify.app,1
saml.wgcs.mcafee-cloud.com,1
657340d2b4f39f00087d30b0--hra-releases.netlify.app,1
ubisoft.com,1
65733ecfe821a80008e9c6a9--hra-releases.netlify.app,1
65726114b64c460008b1081f--hra-releases.netlify.app,1
651e6ce5a545ce0007da45c6--hra-releases.netlify.app,1
www-nature-com.laneproxy.stanford.edu,1
m.youtube.com,1
657742cc0ca07e0008eb299f--hra-releases.netlify.app,1
6571dca66ddbc40009df6576--hra-releases.netlify.app,1
6572620d1c60ad0008ab47a4--hra-releases.netlify.app,1
6571d04144205e000818d129--hra-releases.netlify.app,1
gemini.google.com,1
6570ef98f34806000899722f--hra-releases.netlify.app,1
6570eae3923dba000867bd59--hra-releases.netlify.app,1
65716bffcd839d0008a28ea7--hra-releases.netlify.app,1
www-nature-com-s.webvpn.cams.cn,1
66799351543aaec363ed7390--hra-ui.netlify.app,1
65731a6512b4480008e7da1b--hra-releases.netlify.app,1
www.table.itti.edu.sa,1
65731fcf728ddc0008cc029e--hra-releases.netlify.app,1
66a08e6221f229ad9a87e6e6--hra-ui.netlify.app,1
eturkey.net,1
657cc73a80450800084904f1--hra-releases.netlify.app,1
www.google.at,1
cdn-humanatlas-io.s3.us-east-2.amazonaws.com,1
654e8a06958de30008f21556--hra-releases.netlify.app,1
www.jearyblog.online,1
657cae8fe3be5a0008085d27--hra-releases.netlify.app,1
leancontent.scoop.it,1
65724904e3842c0008fe3589--hra-releases.netlify.app,1
6555d0cbec28160008cf6271--hra-releases.netlify.app,1
666cc76130c660350e6b38ed--hra-ui.netlify.app,1
in.search.yahoo.com,1
654e8a0e906abb000994ae10--hra-releases.netlify.app,1
develop-sharon.dev.gs.team,1
youtube.com,1
www.google.kz,1
academia.edu,1
654e96cf484de60008e4f048--hra-releases.netlify.app,1
657333ea380e5300079b9212--hra-releases.netlify.app,1
6572515fef78000008746113--hra-releases.netlify.app,1
65722fb5b23641000899e5c6--hra-releases.netlify.app,1
657c8b59e9f4060008ae5db5--hra-releases.netlify.app,1
651eb8fb2a2a0a00076f0066--hra-releases.netlify.app,1
sportnewzx.com,1
657161336559310008db1fd7--hra-releases.netlify.app,1
6571ecbb5f14f20008e9e4c0--hra-releases.netlify.app,1
657c7ddc7abca20008dce87b--hra-releases.netlify.app,1
static-content.springer.com,1
65539f04de17010008e4b30e--hra-releases.netlify.app,1
655915cc8f8dc300089117a1--hra-releases.netlify.app,1
657cc5135af5e50008969856--hra-releases.netlify.app,1
65716bfd2042320008659563--hra-releases.netlify.app,1
657252686eb95f00083d2a4c--hra-releases.netlify.app,1
657c7e3972f0bd000967e17c--hra-releases.netlify.app,1
65723d166a9a5e0008b661ee--hra-releases.netlify.app,1
65721b71d01f2200085a3f82--hra-releases.netlify.app,1
ohsu.webex.com,1
656e45e643fc5a0008dccdcc--hra-releases.netlify.app,1
66a3e5cdb95c2e28b0c9873d--hra-ui.netlify.app,1
6571ed9c11ce1b00071ae8b2--hra-releases.netlify.app,1
65720c068665330008a4020b--hra-releases.netlify.app,1
66f6eef73f3aa49e52b70807--hra-ui.netlify.app,1
6571fccbe29af9000832fbf2--hra-releases.netlify.app,1
66f5a7f5a744c223f193693f--hra-ui.netlify.app,1
www.heidischlehlein.com,1
6570cf570c982b000803571e--hra-releases.netlify.app,1
65720fce42dd970008f617d9--hra-releases.netlify.app,1
656660049ead290008ceab94--hra-releases.netlify.app,1
657163d8605199000889e5a5--hra-releases.netlify.app,1
65727519f15b0800085fe434--hra-releases.netlify.app,1
657cc413e3be5a00080a0a4e--hra-releases.netlify.app,1
657217d072eeee0008b9a88a--hra-releases.netlify.app,1
657234cf73863f0008bd247f--hra-releases.netlify.app,1
vizbi.org,1
65727169d277270008439d4d--hra-releases.netlify.app,1
65724375ec8cef0008795a07--hra-releases.netlify.app,1
padlet.com,1
wp.dev.sennetconsortium.org,1
andreasbuecklecom.wordpress.com,1
www.electroassistance.com,1
6571dca94b0fa600084a38b9--hra-releases.netlify.app,1
651dc0efb1b5170008d31d99--hra-releases.netlify.app,1
653bc6e4bb03d00008e17738--hra-releases.netlify.app,1
657cc66400a049000817e3c6--hra-releases.netlify.app,1
www.hiwpro.xyz,1
6571f2f44fd92b0008cf15ac--hra-releases.netlify.app,1
656ef85d80c9ba000834b32d--hra-releases.netlify.app,1
scicrunch.org,1